Zona,Area,Qualidade,AnoConstrucao,QualidadeAquecimento,Banheiros,Quartos_t1,Quartos_t2,Comodos,Lareiras,Garagem,Preco,DecadaConstrucao,preco/m2,cluster
RL,9947,7,1990,Ex,2,3,4,6,0,2,173000,90,17.39,1
RL,10357,7,1990,Gd,2,3,4,6,1,2,179900,90,17.37,1
RM,4500,6,1998,Ex,2,2,3,5,0,2,162000,90,36.0,3
RL,2887,6,1996,Ex,1,2,3,6,1,2,173000,90,59.92,3
RL,9525,5,1995,Ex,1,3,4,6,0,1,144000,90,15.12,5
RL,10784,7,1991,Gd,2,3,4,7,1,2,160000,90,14.84,5
RL,7500,7,1999,Gd,2,3,4,7,1,2,189000,90,25.2,1
RL,9245,5,1994,Ex,1,3,4,5,0,2,145000,90,15.68,5
RL,8000,6,1995,Gd,2,3,4,8,1,2,188000,90,23.5,1
RL,8924,7,1998,Ex,2,3,4,8,0,2,188000,90,21.07,1
RL,8530,7,1995,Gd,2,3,4,7,1,2,168500,90,19.75,1
RL,9179,7,1999,Ex,2,3,4,7,0,2,193000,90,21.03,1
RM,4500,6,1999,Ex,2,2,3,5,0,2,165000,90,36.67,3
RL,8125,6,1994,Ex,2,3,4,7,1,2,193500,90,23.82,1
RL,9382,7,1999,Ex,2,3,4,6,0,2,191000,90,20.36,1
RL,7685,6,1993,Gd,2,3,4,6,1,2,165600,90,21.55,1
RL,9765,6,1993,Gd,2,3,4,6,1,2,185000,90,18.95,1
RL,8125,6,1994,Gd,2,3,4,6,1,2,174000,90,21.42,1
RL,9084,7,1998,Gd,2,3,4,8,1,2,176500,90,19.43,1
RL,10186,7,1992,Ex,2,3,4,8,1,2,190000,90,18.65,1
RL,9017,7,1999,Ex,2,3,4,6,0,2,192000,90,21.29,1
RL,9125,7,1992,Gd,2,3,4,7,1,2,163900,90,17.96,5
RL,8049,7,1990,TA,2,2,3,6,1,2,180000,90,22.36,1
RL,9453,7,1993,Ex,2,3,4,7,0,2,194500,90,20.58,1
RL,10839,6,1997,Ex,2,3,4,7,1,2,181000,90,16.7,1
RL,11207,6,1997,Gd,2,3,4,8,1,2,185000,90,16.51,1
RL,9291,6,1993,Ex,2,3,4,7,0,2,187000,90,20.13,1
RL,10364,6,1995,Gd,2,3,4,7,1,2,168000,90,16.21,1
RL,13568,5,1995,Ex,1,3,4,5,0,2,156000,90,11.5,2
RL,8773,6,1997,Gd,2,3,4,7,1,2,169000,90,19.26,1
RM,4500,6,1998,Ex,2,2,3,5,0,2,164000,90,36.44,3
RL,11851,7,1990,Ex,2,3,4,5,0,2,180500,90,15.23,1
RL,7153,6,1992,Ex,2,3,4,7,0,2,175900,90,24.59,1
RL,8072,5,1994,Ex,1,3,4,5,0,2,138000,90,17.1,5
RL,7153,6,1991,Gd,2,3,4,6,0,2,179200,90,25.05,1
RL,7875,7,1995,Gd,2,3,4,6,1,2,176000,90,22.35,1
RL,8012,6,1992,Gd,2,2,3,5,0,2,179200,90,22.37,1
RL,8070,4,1994,Ex,1,3,4,5,0,0,123600,90,15.32,0
RL,7892,6,1993,Ex,2,2,3,5,0,2,153900,90,19.5,5
RL,10832,7,1994,Ex,2,3,4,7,1,2,194500,90,17.96,1
RL,10400,7,1998,Ex,2,3,4,6,0,2,197900,90,19.03,1
RL,12464,5,1996,Gd,1,3,4,6,0,2,152000,90,12.2,2
RL,5395,8,1993,Gd,2,2,3,5,1,2,180000,90,33.36,3
RL,13758,7,1990,Ex,2,3,4,7,1,2,187500,90,13.63,2
RL,10859,5,1994,Ex,1,3,4,6,0,2,145000,90,13.35,5
RL,13031,6,1995,Gd,2,3,4,6,1,2,187500,90,14.39,1
RL,13869,6,1997,Gd,2,3,4,6,0,2,177000,90,12.76,2
RL,9636,6,1992,Gd,2,3,4,7,1,2,178000,90,18.47,1
RL,8750,7,1996,Ex,2,2,3,7,1,2,191000,90,21.83,1
RL,8012,6,1993,Ex,2,2,3,5,1,2,193000,90,24.09,1
RL,11841,6,1990,TA,1,3,4,5,0,0,118500,90,10.01,0
RL,11218,6,1992,Ex,2,3,4,8,1,2,189000,90,16.85,1
RL,9069,6,1992,Ex,1,2,3,5,0,2,147000,90,16.21,5
RL,7917,6,1999,Ex,2,3,4,7,1,2,175000,90,22.1,1
RL,11249,6,1995,Ex,2,3,4,6,0,2,177500,90,15.78,1
RL,8775,5,1994,Gd,1,3,4,5,0,1,126000,90,14.36,0
RL,9248,6,1992,Gd,2,3,4,6,0,2,173000,90,18.71,1
RL,8846,5,1996,Ex,1,2,3,5,0,2,148000,90,16.73,5
RL,9042,6,1998,Gd,2,3,4,7,2,2,192000,90,21.23,1
RM,4500,6,1998,Ex,2,2,3,5,0,2,153500,90,34.11,3
RL,14115,5,1993,Ex,1,1,2,5,0,2,143000,90,10.13,2
RL,7837,6,1993,Gd,2,3,4,7,1,2,178000,90,22.71,1
RL,10141,7,1998,Gd,2,3,4,7,1,2,185000,90,18.24,1
RM,1950,6,1980,TA,2,3,4,6,1,2,151000,80,77.44,3
RL,10762,6,1980,TA,1,3,4,6,1,1,120000,80,11.15,0
RL,8314,5,1982,TA,1,2,3,5,0,1,124500,80,14.97,0
RL,8400,6,1980,TA,2,3,4,7,1,2,171000,80,20.36,1
RL,11200,6,1985,TA,2,3,4,5,1,2,180000,80,16.07,1
RL,5271,7,1986,Gd,1,2,3,6,1,2,190000,80,36.05,1
RM,1300,6,1980,TA,1,2,3,5,1,2,124000,80,95.38,4
RM,7200,5,1980,TA,1,2,3,4,0,2,140000,80,19.44,5
RL,4671,8,1988,Gd,2,2,3,5,1,2,189000,80,40.46,3
RL,12090,6,1981,TA,2,3,4,7,1,2,175500,80,14.52,1
RL,8885,5,1983,TA,1,2,3,5,0,2,131000,80,14.74,0
RL,13811,6,1987,Gd,2,2,3,5,1,2,176000,80,12.74,2
RL,9180,5,1983,Gd,1,2,3,5,0,2,144000,80,15.69,5
RL,3696,8,1986,Ex,1,2,3,5,0,2,170000,80,46.0,3
RL,9187,6,1983,TA,1,3,4,5,0,2,134000,80,14.59,5
RL,8740,5,1982,TA,1,2,3,4,0,2,137000,80,15.68,5
RL,9206,6,1985,TA,2,3,4,7,1,2,178000,80,19.34,1
RL,10421,7,1988,TA,2,3,4,7,1,2,196500,80,18.86,1
RL,14115,7,1980,TA,2,3,4,6,2,2,187500,80,13.28,2
RL,7599,4,1982,TA,1,2,3,4,0,2,129500,80,17.04,0
RL,5814,8,1984,Gd,1,1,2,4,1,2,187500,80,32.25,1
RL,11457,6,1988,TA,2,3,4,6,1,2,175000,80,15.27,1
RL,7175,6,1984,TA,1,2,3,4,0,1,125000,80,17.42,0
RL,10200,6,1988,Ex,2,3,4,5,1,2,175000,80,17.16,1
RL,12546,6,1981,Ex,2,3,4,7,1,2,182900,80,14.58,1
RL,7252,5,1982,TA,1,2,3,5,0,2,134900,80,18.6,0
RL,7937,6,1984,TA,1,3,4,6,0,2,142500,80,17.95,5
RL,8012,6,1980,TA,2,2,3,5,1,1,143000,80,17.85,5
RL,6951,5,1984,TA,1,3,4,5,0,1,119500,80,17.19,0
RL,11120,6,1984,TA,2,3,4,6,0,2,162500,80,14.61,5
RL,6600,5,1982,Ex,1,2,3,4,0,2,138000,80,20.91,0
RL,6600,5,1982,Ex,1,3,4,5,1,1,130500,80,19.77,0
RL,9672,6,1984,TA,2,3,4,6,0,2,152000,80,15.72,5
RL,8780,5,1985,Ex,1,3,4,5,0,0,112000,80,12.76,0
RL,12416,6,1986,TA,2,3,4,7,1,2,184000,80,14.82,1
RL,2280,6,1978,Fa,2,3,4,7,1,2,146000,70,64.04,3
RL,10140,6,1974,TA,2,3,4,7,1,2,165000,70,16.27,1
RL,10000,5,1973,Gd,1,3,4,5,1,2,157000,70,15.7,5
RL,16157,5,1978,Ex,1,2,3,5,1,2,194000,70,12.01,2
RL,9991,4,1976,Ex,2,3,4,8,1,2,150000,70,15.01,5
RL,7700,5,1972,TA,1,3,4,5,0,2,112500,70,14.61,0
RL,9353,4,1970,Gd,1,3,4,5,0,1,116050,70,12.41,0
RL,7844,6,1978,TA,1,3,4,6,1,2,149500,70,19.06,5
RL,8120,4,1970,Ex,1,3,4,5,0,2,124500,70,15.33,0
RL,7200,6,1976,Ex,1,3,4,6,1,1,125000,70,17.36,0
RL,10140,5,1975,Ex,1,3,4,6,0,2,153500,70,15.14,5
RL,7200,5,1972,TA,1,2,3,6,0,2,123000,70,17.08,0
RL,6960,4,1970,TA,1,3,4,5,0,2,120500,70,17.31,0
RL,9600,6,1976,Ex,2,3,4,6,1,2,181500,70,18.91,1
RM,1680,6,1971,TA,1,2,3,4,0,1,85400,70,50.83,4
RM,1974,4,1973,TA,1,3,4,6,0,1,83500,70,42.3,4
RL,7244,5,1970,Ex,1,2,3,5,0,2,129500,70,17.88,0
RL,4043,6,1977,TA,2,2,3,4,0,2,140000,70,34.63,3
RL,10012,4,1972,TA,2,3,4,6,0,2,137500,70,13.73,5
RL,9758,5,1971,TA,1,3,4,5,0,1,119500,70,12.25,0
RL,11880,7,1978,TA,2,3,4,7,1,2,157000,70,13.22,5
RL,10010,5,1974,Gd,1,2,3,6,1,2,170000,70,16.98,1
RL,7032,5,1979,TA,1,2,3,4,2,2,135960,70,19.33,0
RL,12384,7,1976,TA,2,3,4,7,1,2,197900,70,15.98,1
RL,10500,5,1971,TA,1,3,4,5,0,1,139000,70,13.24,5
RL,12735,4,1972,TA,1,3,4,5,0,2,111250,70,8.74,0
RL,11361,6,1976,TA,2,3,4,7,1,2,180000,70,15.84,1
RL,7990,5,1975,TA,1,3,4,5,0,1,110000,70,13.77,0
RM,1680,6,1971,TA,1,3,4,6,0,1,88000,70,52.38,4
RL,10395,6,1978,TA,2,3,4,6,1,2,148000,70,14.24,5
RM,1936,4,1970,Gd,1,1,2,3,0,0,84500,70,43.65,4
RL,11040,6,1971,Ex,2,3,4,5,0,2,145000,70,13.13,5
RL,7064,5,1977,TA,1,3,4,6,0,2,135000,70,19.11,0
RL,10530,6,1971,TA,1,3,4,5,0,2,143250,70,13.6,5
RM,2016,5,1970,TA,2,3,4,6,0,2,106000,70,52.58,4
RL,11250,6,1977,TA,1,3,4,6,1,2,165000,70,14.67,1
RM,1920,5,1971,Ex,1,2,3,6,0,2,122500,70,63.8,4
RL,12243,5,1971,Gd,2,3,4,7,1,2,175000,70,14.29,1
RM,1890,4,1972,Gd,1,1,2,3,0,0,81000,70,42.86,4
RL,13517,6,1976,Ex,2,3,4,6,0,2,130500,70,9.65,2
RL,9600,7,1973,Fa,1,3,4,6,1,2,175500,70,18.28,1
RL,7340,4,1971,TA,1,2,3,4,0,1,110000,70,14.99,0
RL,8430,5,1978,TA,2,3,4,5,0,0,124000,70,14.71,0
RL,9819,6,1977,TA,2,2,3,5,2,2,196000,70,19.96,1
RL,10628,7,1970,TA,1,2,3,5,1,2,167000,70,15.71,1
RL,11952,7,1977,TA,2,3,4,8,1,2,190000,70,15.9,1
RM,1526,4,1970,TA,1,1,2,3,0,1,86000,70,56.36,4
RL,10448,6,1972,TA,2,3,4,7,1,2,158000,70,15.12,5
RM,2665,5,1976,TA,1,3,4,4,1,1,115000,70,43.15,4
RM,1680,6,1972,Gd,1,3,4,7,0,1,118000,70,70.24,4
RM,1680,6,1972,Gd,1,2,3,5,0,1,118000,70,70.24,4
RM,1533,4,1970,TA,1,3,4,6,1,0,97000,70,63.27,4
RM,1477,4,1970,TA,1,1,2,3,0,1,80000,70,54.16,4
RM,1890,6,1973,TA,1,3,4,7,0,1,113000,70,59.79,4
RL,2308,6,1974,TA,2,3,4,6,1,2,147000,70,63.69,3
RL,2289,6,1978,TA,2,3,4,7,1,2,148500,70,64.88,3
RL,18800,6,1976,TA,2,3,4,6,1,2,190000,70,10.11,2
RL,10625,7,1974,TA,2,3,4,6,2,2,170000,70,16.0,1
RL,7180,5,1972,TA,1,3,4,5,0,1,127000,70,17.69,0
RM,1953,6,1973,TA,1,2,3,5,0,1,83000,70,42.5,4
RL,12537,5,1971,Ex,1,3,4,6,1,2,149900,70,11.96,2
RL,17043,6,1979,TA,2,3,4,7,1,2,181000,70,10.62,2
RL,4928,6,1976,TA,2,2,3,5,1,2,128000,70,25.97,3
RL,15523,5,1972,Ex,1,3,4,5,1,1,133500,70,8.6,2
RL,16647,5,1975,TA,2,3,4,6,2,2,171000,70,10.27,2
RL,9560,5,1972,Ex,1,3,4,5,0,1,128500,70,13.44,0
RL,10400,7,1970,Gd,2,3,4,7,1,2,174000,70,16.73,1
RL,10500,4,1971,TA,1,3,4,5,1,0,115000,70,10.95,0
RL,9650,6,1977,TA,2,2,3,6,1,2,167900,70,17.4,1
RM,2368,5,1970,TA,1,3,4,7,0,2,125000,70,52.79,4
RL,10356,5,1975,TA,1,3,4,5,0,2,122000,70,11.78,0
RL,10780,5,1976,Gd,1,3,4,6,0,2,132500,70,12.29,5
RM,1680,6,1973,TA,1,2,3,5,0,1,100000,70,59.52,4
RL,9360,6,1972,TA,1,3,4,5,1,2,197500,70,21.1,1
RL,7540,6,1978,Ex,1,2,3,5,1,2,156000,70,20.69,5
RL,2280,6,1976,TA,2,3,4,7,1,2,148500,70,65.13,3
RL,10125,6,1977,TA,2,3,4,6,2,2,171500,70,16.94,1
RL,7200,5,1972,Gd,1,2,3,5,0,1,133900,70,18.6,0
RL,8816,6,1971,Gd,1,3,4,6,0,2,155000,70,17.58,5
RL,9600,6,1976,Ex,2,3,4,7,1,2,187000,70,19.48,1
RL,11751,6,1977,Ex,2,3,4,7,1,2,190000,70,16.17,1
RL,10900,6,1977,Ex,1,3,4,6,0,1,161750,70,14.84,5
RL,8445,5,1972,TA,1,2,3,5,0,2,133000,70,15.75,0
RL,11184,6,1978,Gd,2,3,4,7,1,2,172500,70,15.42,1
RL,11241,6,1970,Ex,1,2,3,5,1,2,149000,70,13.26,5
RM,1533,5,1970,Ex,1,1,2,3,0,0,92000,70,60.01,4
RM,4224,5,1976,TA,1,3,4,6,1,2,129900,70,30.75,3
RL,11584,7,1979,TA,2,3,4,6,1,2,197000,70,17.01,1
RL,9000,4,1971,TA,1,3,4,5,0,2,120500,70,13.39,0
RL,9286,5,1977,TA,1,3,4,5,0,1,143500,70,15.45,5
RL,7000,5,1978,Ex,1,3,4,6,0,1,136500,70,19.5,0
RL,9200,5,1975,TA,1,3,4,5,0,1,130250,70,14.16,0
RL,17400,5,1977,Fa,2,3,4,5,1,2,160000,70,9.2,2
RL,4928,6,1976,TA,2,2,3,5,0,2,143750,70,29.17,3
RL,7200,5,1972,Ex,1,2,3,4,0,1,124900,70,17.35,0
RL,19900,7,1970,TA,2,3,4,7,1,2,180000,70,9.05,2
RL,8750,5,1970,TA,1,3,4,5,0,2,148500,70,16.97,5
RL,4043,6,1977,TA,2,2,3,4,1,2,127500,70,31.54,3
RM,1596,4,1973,TA,1,2,3,5,0,1,91000,70,57.02,4
RL,15611,5,1977,TA,2,3,4,6,0,2,175000,70,11.21,2
RL,10400,7,1976,TA,2,3,4,6,1,2,152000,70,14.62,5
RL,10970,6,1978,TA,1,3,4,5,0,2,147000,70,13.4,5
RL,2308,6,1976,TA,2,3,4,7,1,2,155000,70,67.16,3
RL,7950,6,1977,TA,1,3,4,6,0,2,159500,70,20.06,5
RL,7917,6,1976,TA,1,3,4,6,1,1,148000,70,18.69,5
RL,8471,6,1977,TA,1,3,4,6,1,2,151000,70,17.83,5
RL,7819,6,1976,TA,1,3,4,6,1,2,107000,70,13.68,0
RL,12155,6,1970,Gd,2,3,4,7,1,2,163500,70,13.45,2
RL,11333,6,1976,TA,1,3,4,5,2,2,146800,70,12.95,5
RM,2592,5,1976,TA,1,3,4,4,0,1,85000,70,32.79,4
RL,11616,6,1978,TA,2,3,4,6,1,2,158900,70,13.68,5
RL,9101,5,1978,Ex,1,1,2,4,1,2,165500,70,18.18,1
RL,8385,5,1977,TA,2,3,4,6,0,1,149900,70,17.88,5
RM,1680,6,1971,TA,1,2,3,5,0,1,89500,70,53.27,4
RL,11717,6,1970,TA,2,2,3,6,1,2,185000,70,15.79,1
RL,9800,5,1972,TA,1,3,4,5,0,2,149900,70,15.3,5
RL,10530,6,1977,TA,1,2,3,4,0,2,135000,70,12.82,5
RL,8125,4,1971,TA,1,3,4,5,0,0,88000,70,10.83,0
RL,13350,5,1974,TA,1,3,4,5,1,2,142500,70,10.67,2
RL,11900,7,1977,TA,2,3,4,6,1,2,82500,70,6.93,0
RL,8800,5,1977,TA,2,3,4,5,0,2,150500,70,17.1,5
RL,12936,6,1972,TA,1,3,4,6,1,2,162000,70,12.52,2
RL,10650,5,1976,TA,1,3,4,5,0,1,128200,70,12.04,0
RM,1680,6,1971,TA,1,3,4,7,0,0,91500,70,54.46,4
RM,2217,4,1970,TA,1,3,4,6,0,1,88000,70,39.69,4
RM,4224,5,1976,TA,1,3,4,6,1,2,134000,70,31.72,3
RL,11475,6,1975,TA,2,3,4,6,1,2,179900,70,15.68,1
RL,10500,4,1971,Gd,1,2,3,4,0,2,97000,70,9.24,0
RM,1869,6,1970,TA,1,2,3,5,0,1,106000,70,56.71,4
RM,1680,5,1971,TA,2,3,4,6,0,1,112000,70,66.67,4
RL,7892,6,1979,TA,2,2,3,5,1,1,99500,70,12.61,0
RM,1680,5,1972,TA,2,3,4,6,0,1,119500,70,71.13,4
RL,8197,6,1977,Ex,1,3,4,7,1,2,143500,70,17.51,5
RM,1680,6,1972,TA,1,2,3,5,1,1,94500,70,56.25,4
RL,12328,6,1976,TA,1,3,4,6,0,3,169900,70,13.78,2
RL,7930,6,1969,Gd,1,3,4,5,0,2,156000,60,19.67,5
RL,11000,5,1966,Ex,1,3,4,6,1,2,154000,60,14.0,5
RL,7150,5,1967,TA,1,3,4,5,0,1,100000,60,13.99,0
RL,10000,5,1961,Ex,1,3,4,6,1,1,131400,60,13.14,5
RL,11782,5,1961,TA,1,3,4,6,0,2,148000,60,12.56,5
RL,12886,5,1963,Ex,2,3,4,6,1,2,175000,60,13.58,2
RL,6970,4,1961,TA,1,3,4,5,0,2,129000,60,18.51,0
RL,9937,5,1964,Ex,1,3,4,7,0,2,167000,60,16.81,1
RL,8978,5,1968,TA,1,3,4,6,0,1,108000,60,12.03,0
RL,6173,5,1967,TA,1,3,4,6,0,1,125500,60,20.33,0
RL,8414,6,1963,TA,1,3,4,6,0,1,154500,60,18.36,5
RL,13400,5,1966,TA,1,3,4,6,1,2,159950,60,11.94,2
RL,10659,5,1961,TA,1,3,4,6,0,1,136500,60,12.81,5
RL,13560,6,1968,Gd,1,2,3,5,2,2,110000,60,8.11,0
RL,9300,5,1960,TA,1,3,4,6,2,2,167500,60,18.01,1
RL,9750,5,1967,Gd,2,3,4,6,0,1,135500,60,13.9,5
RL,9600,7,1969,TA,1,3,4,6,0,2,140000,60,14.58,5
RL,7420,5,1962,TA,1,3,4,6,0,2,132000,60,17.79,0
RL,8450,5,1965,Ex,1,3,4,5,1,1,138500,60,16.39,5
RL,10004,6,1964,TA,1,3,4,6,0,2,167000,60,16.69,1
RL,7875,5,1961,Gd,1,3,4,6,0,2,139950,60,17.77,5
RL,9945,5,1961,TA,1,3,4,5,0,2,128500,60,12.92,0
RL,9020,6,1966,TA,1,3,4,6,0,2,174900,60,19.39,1
RL,9200,6,1965,TA,1,3,4,5,1,1,140000,60,15.22,5
RL,8816,5,1963,TA,1,3,4,5,0,2,139000,60,15.77,5
RL,9920,5,1969,TA,1,3,4,5,1,1,128500,60,12.95,0
RL,12122,7,1961,Gd,1,3,4,6,0,2,178400,60,14.72,1
RL,9790,6,1967,TA,2,3,4,7,1,2,161500,60,16.5,5
RL,12095,6,1964,TA,1,3,4,7,1,2,158000,60,13.06,5
RL,9760,6,1964,Gd,2,3,4,7,1,2,187000,60,19.16,1
RL,7162,5,1966,TA,1,3,4,6,0,1,109900,60,15.34,0
RL,18450,6,1965,TA,2,3,4,7,1,2,129000,60,6.99,2
RL,9100,5,1965,Ex,1,2,3,5,0,1,117500,60,12.91,0
RL,6897,5,1962,Ex,1,3,4,6,0,1,127000,60,18.41,0
RL,11625,5,1965,Ex,1,3,4,6,0,2,131500,60,11.31,5
RL,6768,6,1961,Gd,1,3,4,5,0,1,142000,60,20.98,5
RL,6993,5,1961,TA,1,3,4,6,1,1,135000,60,19.31,0
RL,9020,6,1964,TA,1,3,4,6,0,2,168500,60,18.68,1
RL,9156,6,1968,Gd,2,3,4,7,1,2,185750,60,20.29,1
RL,8250,6,1964,Ex,1,3,4,6,0,2,145000,60,17.58,5
RL,8700,5,1963,Gd,2,3,4,6,0,2,155000,60,17.82,5
RL,8400,5,1968,Gd,1,3,4,5,0,1,138500,60,16.49,5
RL,8521,5,1967,TA,1,3,4,5,1,1,125000,60,14.67,0
RL,14112,5,1964,TA,1,3,4,6,1,2,180500,60,12.79,2
RL,9790,6,1963,TA,1,3,4,6,2,2,143000,60,14.61,5
RL,17871,6,1967,Fa,1,3,4,7,1,2,197900,60,11.07,2
RL,9350,6,1964,Ex,2,3,4,7,0,1,158000,60,16.9,5
RL,13526,5,1965,TA,1,3,4,5,0,1,137000,60,10.13,2
RL,19296,6,1962,TA,1,3,4,6,1,2,176000,60,9.12,2
RL,13673,5,1962,TA,1,3,4,8,1,1,143900,60,10.52,2
RL,15870,5,1969,Ex,1,3,4,6,0,1,138800,60,8.75,2
RL,9786,6,1962,TA,1,3,4,7,1,2,159000,60,16.25,5
RL,9819,5,1967,TA,1,3,4,5,0,1,122000,60,12.42,0
RL,9858,5,1968,TA,1,3,4,5,0,1,130000,60,13.19,0
RL,11700,6,1968,Gd,1,3,4,7,1,2,175000,60,14.96,1
RL,7728,5,1962,TA,1,3,4,6,0,2,132500,60,17.15,0
RL,8872,5,1965,Ex,1,2,3,5,0,2,147000,60,16.57,5
RL,11600,6,1960,TA,1,3,4,7,0,1,145250,60,12.52,5
RL,8250,5,1968,Ex,1,3,4,5,1,1,134000,60,16.24,0
RL,12493,4,1960,TA,1,3,4,6,1,1,141000,60,11.29,5
RL,10197,6,1961,TA,1,3,4,6,1,2,163000,60,15.99,5
RL,17600,6,1960,Ex,2,3,4,6,2,2,157500,60,8.95,2
RL,10175,6,1964,Gd,2,3,4,7,1,2,180500,60,17.74,1
RL,11200,5,1965,Ex,1,3,4,5,0,1,129500,60,11.56,5
RL,12968,5,1962,TA,1,2,3,4,0,1,144000,60,11.1,2
RL,10920,6,1960,TA,1,2,3,5,1,1,157000,60,14.38,5
RL,8246,5,1968,Ex,1,3,4,6,1,1,154000,60,18.68,5
RL,8400,6,1966,Gd,1,3,4,6,0,1,129000,60,15.36,0
RL,8544,5,1966,Gd,1,3,4,6,0,1,149350,60,17.48,5
RL,8658,6,1965,Ex,2,3,4,6,1,2,160000,60,18.48,5
RL,8400,6,1962,TA,1,3,4,7,1,2,174000,60,20.71,1
RL,7742,5,1966,Ex,1,3,4,6,0,1,127000,60,16.4,0
RL,11700,6,1968,Gd,2,3,4,7,1,2,179900,60,15.38,1
RL,10355,5,1967,TA,2,3,4,5,1,1,143000,60,13.81,5
RL,9204,5,1963,TA,1,3,4,6,0,1,124000,60,13.47,0
RL,8892,5,1960,Gd,1,3,4,6,0,2,126500,60,14.23,0
RL,8500,5,1961,TA,1,2,3,6,0,2,98600,60,11.6,0
RL,10921,4,1965,TA,1,3,4,6,0,1,94750,60,8.68,0
RL,7838,5,1967,TA,1,3,4,6,1,1,123000,60,15.69,0
RL,11616,5,1962,TA,1,3,4,6,1,1,139000,60,11.97,5
RL,7590,6,1966,TA,1,3,4,6,1,2,155000,60,20.42,5
RL,9477,5,1966,TA,1,3,4,5,0,1,110000,60,11.61,0
RL,10335,5,1968,Gd,2,3,4,7,1,2,180000,60,17.42,1
RL,12772,6,1960,TA,1,2,3,5,0,1,151500,60,11.86,2
RL,9750,6,1969,Gd,1,3,4,6,0,2,151000,60,15.49,5
RL,7800,5,1964,TA,1,2,3,5,0,1,115000,60,14.74,0
RL,7943,4,1961,Gd,1,3,4,5,0,1,118500,60,14.92,0
RL,9764,5,1967,Ex,1,3,4,5,0,2,130000,60,13.31,0
RL,9170,5,1965,Ex,1,2,3,6,0,2,140000,60,15.27,5
RL,11553,5,1968,TA,1,3,4,7,1,1,158000,60,13.68,5
RL,7094,5,1966,TA,1,3,4,5,0,1,125000,60,17.62,0
RL,7000,5,1960,Ex,1,2,3,6,0,1,135000,60,19.29,0
RL,7800,5,1967,Ex,1,3,4,5,0,1,130000,60,16.67,0
RL,7931,5,1960,TA,1,3,4,6,1,1,155000,60,19.54,5
RL,10289,5,1965,TA,1,3,4,6,0,2,156000,60,15.16,5
RL,9230,5,1965,Gd,1,1,2,6,0,2,146000,60,15.82,5
RL,7758,5,1962,Gd,1,3,4,6,0,1,132500,60,17.08,0
RL,11777,5,1966,Ex,1,3,4,6,2,2,164500,60,13.97,5
RL,16492,6,1966,Ex,2,2,3,6,1,2,190000,60,11.52,2
RL,14585,6,1960,Ex,1,3,4,7,2,2,181900,60,12.47,2
RL,8800,6,1964,TA,1,3,4,6,2,1,160000,60,18.18,5
RL,8480,5,1963,TA,1,2,3,5,0,2,132500,60,15.62,0
RL,9350,5,1965,Gd,2,3,4,6,1,2,179900,60,19.24,1
RL,10000,6,1962,TA,1,3,4,5,0,2,160000,60,16.0,5
RL,10205,5,1962,TA,1,3,4,6,0,1,134500,60,13.18,5
RL,9500,6,1963,Gd,1,3,4,6,2,2,159000,60,16.74,5
RL,9150,6,1962,Gd,1,3,4,6,1,1,165000,60,18.03,1
RL,7763,5,1962,TA,1,3,4,6,0,2,140000,60,18.03,5
RL,12342,5,1960,TA,1,3,4,6,1,1,139900,60,11.34,5
RL,11235,4,1963,Gd,1,3,4,6,1,2,148000,60,13.17,5
RL,7500,5,1963,Fa,1,3,4,5,0,1,133000,60,17.73,0
RL,8800,6,1963,Ex,1,3,4,6,0,2,137500,60,15.62,5
RL,8724,5,1968,Gd,1,3,4,5,1,2,129000,60,14.79,0
RL,8450,5,1968,Ex,1,3,4,6,1,1,142000,60,16.8,5
RL,9920,5,1954,TA,1,3,4,6,0,1,128000,50,12.9,0
RL,9600,6,1950,Ex,1,3,4,6,0,1,140000,50,14.58,5
RL,8923,5,1953,Gd,1,2,3,6,0,1,134500,50,15.07,5
RL,13125,5,1957,Ex,2,3,4,8,1,2,155000,50,11.81,2
RL,7200,5,1950,Gd,1,3,4,7,0,1,138000,50,19.17,0
RL,8712,5,1957,TA,1,2,3,5,0,1,153000,50,17.56,5
RL,7100,5,1957,TA,1,2,3,5,0,1,129900,50,18.3,0
RL,8910,6,1959,Ex,1,3,4,6,1,2,159500,50,17.9,5
RL,11029,6,1958,Ex,1,3,4,6,1,2,176500,50,16.0,1
RL,9600,6,1955,Gd,1,3,4,8,1,1,165500,50,17.24,1
RL,5868,5,1956,Ex,1,2,3,4,0,1,129000,50,21.98,0
RM,7407,6,1957,TA,1,2,3,6,0,2,149700,50,20.21,5
RL,9503,5,1958,TA,1,2,3,6,1,1,144000,50,15.15,5
RL,10721,6,1959,Ex,1,3,4,7,0,2,142000,50,13.25,5
RL,10152,5,1956,TA,1,3,4,6,0,1,135000,50,13.3,5
RL,17140,4,1956,Ex,1,3,4,6,0,1,135000,50,7.88,2
RL,14375,6,1958,Gd,1,3,4,7,1,2,137500,50,9.57,2
RL,10215,4,1954,Ex,1,3,4,5,0,1,111000,50,10.87,0
RL,5400,5,1954,Ex,1,2,3,4,0,1,117000,50,21.67,0
RL,13825,5,1958,TA,1,3,4,6,0,1,140000,50,10.13,2
RL,10482,6,1958,Ex,1,3,4,6,0,1,145000,50,13.83,5
RL,12160,5,1959,Fa,1,3,4,6,0,2,142000,50,11.68,5
RL,7200,5,1950,TA,1,3,4,6,0,1,119000,50,16.53,0
RL,8335,5,1954,Gd,1,3,4,5,1,0,93000,50,11.16,0
RL,9120,6,1958,Ex,1,3,4,6,1,2,163000,50,17.87,5
RL,9600,5,1956,Gd,1,2,3,5,0,1,128900,50,13.43,0
RL,11344,5,1958,TA,1,3,4,7,0,1,144000,50,12.69,5
RL,17755,5,1959,TA,1,3,4,6,2,2,149900,50,8.44,2
RL,8280,6,1950,Ex,1,2,3,4,1,1,124000,50,14.98,0
RL,9000,5,1959,TA,1,3,4,5,0,0,80000,50,8.89,0
RL,11512,6,1959,Gd,1,2,3,5,1,1,177000,50,15.38,1
RL,9600,6,1950,TA,1,3,4,6,0,1,119000,50,12.4,0
RL,9450,4,1954,Ex,1,3,4,5,0,2,110000,50,11.64,0
RL,10382,6,1958,TA,1,2,3,6,0,1,140000,50,13.48,5
RL,8172,5,1955,TA,1,2,3,5,0,2,115000,50,14.07,0
RL,7390,5,1955,TA,1,3,4,6,0,1,135000,50,18.27,0
RL,10434,4,1955,TA,1,2,3,5,1,2,115000,50,11.02,0
RL,7207,5,1958,Gd,1,2,3,4,0,0,116500,50,16.16,0
RL,8926,4,1956,Ex,1,3,4,5,0,1,112000,50,12.55,0
RL,7500,5,1959,Ex,1,3,4,6,0,1,154000,50,20.53,5
RL,8190,4,1954,Ex,1,3,4,5,1,1,119000,50,14.53,0
RL,7200,5,1950,Gd,1,3,4,5,0,2,129000,50,17.92,0
RL,8400,6,1957,Gd,1,3,4,6,2,2,156500,50,18.63,5
RL,7560,5,1959,TA,1,3,4,6,0,1,133700,50,17.69,0
RL,8163,5,1959,TA,1,3,4,6,1,1,143000,50,17.52,5
RL,7350,5,1951,TA,1,2,3,4,0,2,139000,50,18.91,5
RL,9717,5,1950,Gd,1,2,3,5,0,1,142125,50,14.63,5
RL,13284,5,1954,TA,1,3,4,6,1,1,165000,50,12.42,2
RL,7535,5,1958,Fa,1,2,3,5,0,1,120000,50,15.93,0
RL,14559,5,1951,Ex,1,2,3,6,2,1,164900,50,11.33,2
RL,9100,5,1958,TA,1,3,4,5,0,2,129900,50,14.27,0
RL,5500,4,1956,Ex,1,1,2,4,0,0,103200,50,18.76,4
RL,11988,6,1957,Ex,1,3,4,6,2,1,150000,50,12.51,5
RL,13300,5,1956,TA,1,2,3,4,0,1,132000,50,9.92,2
RL,7200,5,1955,Ex,1,2,3,5,1,1,107500,50,14.93,0
RL,7200,5,1950,TA,1,2,3,5,0,2,109500,50,15.21,0
RM,8235,5,1955,TA,1,2,3,4,0,2,125000,50,15.18,0
RM,6000,5,1957,Gd,1,3,4,5,0,1,112500,50,18.75,0
RL,14850,5,1957,TA,1,2,3,6,1,1,141000,50,9.49,2
RL,11341,5,1957,TA,1,3,4,5,1,2,121500,50,10.71,0
RL,7332,6,1959,Ex,1,2,3,4,0,1,120000,50,16.37,0
RL,8973,5,1958,TA,1,3,4,6,0,2,150000,50,16.72,5
RL,9464,6,1958,Gd,1,3,4,5,0,1,136000,50,14.37,5
RL,7227,6,1954,Gd,1,2,3,4,0,2,105500,50,14.6,0
RL,9600,6,1955,Ex,1,3,4,7,2,1,153000,50,15.94,5
RL,9250,5,1954,TA,1,3,4,6,0,1,139400,50,15.07,5
RL,7200,5,1950,Gd,1,3,4,7,0,2,98300,50,13.65,0
RL,10452,6,1953,Ex,1,3,4,5,2,2,155000,50,14.83,5
RL,10007,5,1959,Ex,1,3,4,5,0,1,145500,50,14.54,5
RL,14175,5,1956,Gd,1,3,4,6,1,2,168000,50,11.85,2
RL,9600,5,1959,Ex,1,3,4,6,0,1,124500,50,12.97,0
RL,9600,5,1950,Gd,1,3,4,5,1,1,147000,50,15.31,5
RL,9320,4,1959,Fa,1,3,4,6,0,0,128950,50,13.84,0
RL,7015,5,1950,TA,1,3,4,5,1,1,110000,50,15.68,0
RM,12702,5,1956,Gd,1,2,3,4,0,1,97000,50,7.64,0
RL,9600,6,1958,Gd,2,3,4,6,1,1,139000,50,14.48,5
RL,19138,4,1951,Ex,1,2,3,4,0,2,141000,50,7.37,2
RL,11310,6,1954,Ex,1,2,3,5,1,2,140000,50,12.38,5
RL,9600,6,1953,TA,1,3,4,7,2,2,167000,50,17.4,1
RL,14000,6,1950,Ex,1,3,4,6,1,1,158500,50,11.32,2
RL,15750,5,1953,TA,1,2,3,5,2,1,157000,50,9.97,2
RL,8760,6,1959,TA,1,3,4,6,0,1,148000,50,16.89,5
RL,8176,5,1958,Fa,1,3,4,6,0,1,139000,50,17.0,5
RL,12400,6,1958,TA,1,3,4,6,0,1,155000,50,12.5,2
RL,6930,5,1958,Ex,1,3,4,6,0,1,130000,50,18.76,0
RL,7800,5,1954,Gd,1,2,3,7,1,1,132000,50,16.92,0
RL,9830,5,1959,Ex,1,3,4,7,1,2,162000,50,16.48,5
RL,10011,5,1957,TA,1,2,3,6,1,1,134450,50,13.43,5
RL,10634,5,1953,TA,1,3,4,5,0,1,123000,50,11.57,0
RL,8339,5,1959,TA,1,3,4,5,0,1,106500,50,12.77,0
RL,9571,5,1956,TA,1,3,4,6,0,1,129000,50,13.48,0
RL,9000,6,1956,Gd,1,2,3,6,1,1,139000,50,15.44,5
RL,8593,4,1957,Ex,1,3,4,5,0,1,109008,50,12.69,0
RL,9060,5,1957,Ex,1,3,4,7,1,1,120000,50,13.25,0
RL,9855,6,1956,Fa,1,3,4,7,1,2,127500,50,12.94,0
RL,6420,5,1952,Fa,1,2,3,6,0,1,123500,50,19.24,0
RL,7388,5,1959,Gd,1,3,4,7,0,2,150750,50,20.4,5
RL,7200,4,1950,TA,1,2,3,4,0,2,109900,50,15.26,0
RL,8877,4,1951,TA,1,2,3,6,0,2,102000,50,11.49,0
RM,6000,4,1954,Ex,1,2,3,4,0,1,107900,50,17.98,0
RL,7677,5,1953,Gd,1,2,3,4,0,1,110000,50,14.33,0
RL,7134,5,1955,TA,1,3,4,6,1,2,130000,50,18.22,0
RL,9000,5,1954,TA,1,2,3,5,0,1,118000,50,13.11,0
RL,7945,5,1959,Ex,1,3,4,6,0,1,141000,50,17.75,5
RL,11425,5,1954,Gd,1,2,3,4,1,1,137000,50,11.99,5
RL,7922,5,1953,TA,1,3,4,5,0,1,109000,50,13.76,0
RL,8532,5,1954,Gd,1,3,4,5,1,2,153000,50,17.93,5
RL,11900,6,1957,TA,1,3,4,6,2,2,166000,50,13.95,1
RL,9600,4,1950,TA,2,2,3,4,0,2,128000,50,13.33,0
RL,7200,5,1951,TA,1,3,4,5,0,2,134800,50,18.72,0
RL,17920,5,1955,TA,1,3,4,6,1,2,170000,50,9.49,2
RL,7931,5,1959,TA,1,3,4,6,0,1,132500,50,16.71,0
RL,7560,5,1958,TA,1,3,4,6,0,1,139000,50,18.39,5
RL,8892,5,1953,Gd,1,3,4,5,0,2,116000,50,13.05,0
RL,16466,5,1955,TA,1,3,4,8,0,1,135500,50,8.23,2
RL,12160,6,1953,Ex,1,2,3,6,1,2,149500,50,12.29,5
RL,10150,5,1958,Ex,1,2,3,5,0,1,114500,50,11.28,0
RL,16905,5,1959,Gd,1,2,3,5,2,1,170000,50,10.06,2
RL,8400,5,1957,TA,1,3,4,5,0,1,145000,50,17.26,5
RL,9100,6,1959,Ex,1,2,3,5,0,1,127500,50,14.01,0
RL,8475,4,1956,Ex,1,2,3,4,0,1,135750,50,16.02,5
RL,10200,5,1954,Gd,1,3,4,6,0,2,144900,50,14.21,5
RL,9900,6,1940,TA,2,3,4,7,1,1,139500,40,14.09,5
RL,9405,5,1947,Ex,1,2,3,4,0,0,118000,40,12.55,0
RM,6000,6,1941,Ex,1,3,4,6,1,2,131000,40,21.83,0
RL,9490,6,1941,TA,1,3,4,5,2,1,133000,40,14.01,5
RL,12342,4,1940,Ex,1,1,2,4,0,2,82500,40,6.68,0
RL,8000,6,1948,Ex,1,2,3,5,1,1,132000,40,16.5,0
RL,5330,4,1940,Gd,1,2,3,5,0,0,82500,40,15.48,4
RL,9480,5,1942,Ex,1,3,4,7,2,1,146500,40,15.45,5
RM,12358,5,1941,TA,1,2,3,7,0,2,128500,40,10.4,5
RL,17503,6,1948,TA,1,3,4,6,1,1,97500,40,5.57,2
RL,8400,6,1940,Ex,1,2,3,6,2,1,140000,40,16.67,5
RM,8635,5,1948,TA,1,2,3,6,0,1,127000,40,14.71,0
RL,12000,7,1941,Ex,1,3,4,7,1,1,174500,40,14.54,1
RL,14762,5,1948,Gd,2,2,3,7,1,2,169000,40,11.45,2
RL,11100,4,1946,Ex,1,2,3,6,0,1,84900,40,7.65,0
RM,3378,7,1946,Gd,1,3,4,6,2,1,135000,40,39.96,3
RL,7446,4,1941,TA,1,2,3,4,2,0,100000,40,13.43,0
RL,10496,6,1949,Ex,2,3,4,7,1,1,143000,40,13.62,5
RL,10200,5,1940,Ex,1,2,3,4,0,1,108000,40,10.59,0
RM,6000,5,1948,Ex,1,2,3,5,0,1,115000,40,19.17,0
RM,12000,5,1948,Ex,1,2,3,6,0,2,147000,40,12.25,5
RM,8100,5,1948,Gd,1,2,3,5,0,2,153500,40,18.95,5
RL,10998,5,1941,Ex,2,3,4,6,0,2,117000,40,10.64,0
RL,8741,6,1945,TA,1,3,4,7,1,1,113000,40,12.93,0
RL,9600,5,1940,Ex,1,2,3,7,2,1,160000,40,16.67,5
RL,11409,5,1949,Gd,1,3,4,8,1,1,131000,40,11.48,5
RL,8064,5,1949,Ex,1,3,4,6,1,2,122900,40,15.24,0
RM,6900,5,1940,Ex,1,2,3,4,1,1,120500,40,17.46,0
RL,9340,4,1941,TA,1,2,3,4,0,1,113000,40,12.1,0
RL,9492,5,1941,TA,1,3,4,6,1,1,105000,40,11.06,0
RL,8480,5,1947,TA,1,2,3,6,0,1,118500,40,13.97,0
RL,11767,5,1946,Ex,1,3,4,6,0,1,130500,40,11.09,5
RL,9144,5,1940,Gd,1,3,4,8,0,1,145000,40,15.86,5
RL,4712,4,1946,TA,1,3,4,5,0,1,121600,40,25.81,4
RL,13907,5,1940,Ex,1,3,4,6,1,0,108000,40,7.77,0
RM,4608,4,1945,TA,1,2,3,4,0,1,80000,40,17.36,4
RM,3880,5,1945,Gd,1,2,3,4,0,0,110500,40,28.48,4
RL,8777,4,1949,Ex,2,2,3,5,0,2,108000,40,12.3,0
RL,10930,5,1945,TA,1,3,4,6,1,1,140000,40,12.81,5
RM,3500,5,1947,TA,1,2,3,5,0,1,110000,40,31.43,4
RL,12144,5,1949,Gd,1,3,4,6,1,1,133000,40,10.95,5
RM,7200,5,1940,TA,1,2,3,4,2,1,119000,40,16.53,0
RL,7500,6,1942,Fa,1,3,4,7,2,1,177500,40,23.67,1
RM,5000,6,1947,Ex,2,3,4,7,2,2,159000,40,31.8,3
RL,9600,5,1949,TA,1,2,3,4,0,2,135000,40,14.06,5
RL,11664,6,1948,TA,1,2,3,5,1,1,119200,40,10.22,0
RL,10134,5,1940,Gd,1,2,3,5,0,1,109000,40,10.76,0
RL,3010,7,2005,Ex,2,2,3,5,0,2,167240,2000,55.56,3
RL,8773,7,2004,Ex,2,3,4,6,0,2,185500,2000,21.14,1
RL,3182,7,2005,Ex,2,2,3,7,1,2,192500,2000,60.5,3
RL,10402,7,2009,Ex,2,3,4,6,0,3,198900,2000,19.12,1
RL,8500,7,2004,Ex,2,3,4,7,0,2,179600,2000,21.13,1
RL,11911,6,2005,Ex,2,3,4,6,1,2,174000,2000,14.61,1
RM,3675,5,2005,Gd,1,2,3,5,0,2,145000,2000,39.46,3
RL,13695,5,2004,Ex,1,3,4,6,0,2,159000,2000,11.61,2
RL,11317,7,2003,Ex,2,3,4,8,0,2,180000,2000,15.91,1
RL,7415,6,2004,Ex,2,3,4,8,1,2,193000,2000,26.03,1
RL,9735,5,2006,Gd,2,3,4,7,0,2,167500,2000,17.21,1
RM,4435,6,2003,Ex,1,1,2,4,0,2,144000,2000,32.47,3
RM,4426,6,2004,Ex,1,1,2,3,1,2,149300,2000,33.73,3
RL,10261,6,2000,Ex,2,3,4,8,1,2,186500,2000,18.18,1
RL,8461,6,2005,Ex,2,3,4,8,1,2,163990,2000,19.38,1
RL,8499,6,2006,Ex,2,3,4,6,1,2,156932,2000,18.46,5
RL,8536,5,2006,Gd,1,2,3,5,0,2,155000,2000,18.16,5
RL,11103,7,2006,Ex,2,3,4,8,1,2,155835,2000,14.04,5
RL,13695,6,2003,Ex,1,3,4,6,0,2,155000,2000,11.32,2
RL,8366,6,2004,Ex,2,3,4,6,0,2,173000,2000,20.68,1
RL,13450,7,2002,Ex,2,3,4,8,0,2,200000,2000,14.87,1
RL,13072,6,2004,Ex,1,3,4,5,0,2,158000,2000,12.09,2
RM,2522,6,2004,Ex,2,3,4,7,0,2,130000,2000,51.55,3
RL,7500,7,2004,Ex,1,3,4,6,0,0,141000,2000,18.8,5
RL,11645,7,2004,Ex,2,3,4,7,0,2,196500,2000,16.87,1
RL,8244,7,2004,Ex,2,3,4,7,1,2,183500,2000,22.26,1
RL,10420,6,2009,Ex,2,3,4,6,0,2,186000,2000,17.85,1
RL,9986,8,2006,Ex,2,2,3,7,1,3,147000,2000,14.72,5
RL,6762,7,2006,Ex,2,2,3,6,1,2,193879,2000,28.67,1
RL,7750,7,2000,Ex,2,3,4,7,1,2,180000,2000,23.23,1
RM,11426,7,2003,Ex,2,3,4,6,0,2,200000,2000,17.5,1
RM,4435,6,2003,Ex,1,1,2,3,0,2,136500,2000,30.78,3
RM,2522,7,2004,Ex,2,3,4,7,0,2,130000,2000,51.55,3
RM,8546,4,2003,Ex,2,2,3,5,0,2,140000,2000,16.38,5
RM,4438,6,2004,Ex,1,1,2,3,1,2,149000,2000,33.57,3
RL,11049,8,2007,Ex,2,3,4,7,0,2,179900,2000,16.28,1
RM,3363,7,2004,Ex,2,3,4,7,0,2,130000,2000,38.66,3
RM,3675,6,2005,Gd,2,2,3,5,0,2,140000,2000,38.1,3
RL,3635,7,2007,Ex,2,1,2,7,1,3,175900,2000,48.39,3
RL,8899,7,2007,Ex,2,3,4,6,0,2,181134,2000,20.35,1
RL,9587,7,2005,Ex,2,2,3,5,0,2,190000,2000,19.82,1
RL,8556,7,2006,Ex,2,2,3,5,0,3,194000,2000,22.67,1
RL,3182,7,2005,Ex,2,1,2,7,1,2,181000,2000,56.88,3
RL,7750,7,2003,Ex,2,3,4,6,0,2,162000,2000,20.9,5
RL,8450,7,2000,Ex,2,3,4,6,0,2,179000,2000,21.18,1
RL,9590,7,2003,Ex,2,3,4,6,1,2,187500,2000,19.55,1
RL,7314,7,2007,Ex,2,2,3,6,0,2,194500,2000,26.59,1
RL,7024,4,2005,Ex,1,2,3,5,0,2,176000,2000,25.06,1
RL,7406,7,2006,Ex,2,2,3,6,0,2,194000,2000,26.19,1
RL,3182,7,2005,Ex,2,2,3,7,1,2,191000,2000,60.03,3
RM,4426,6,2004,Ex,1,1,2,3,0,2,143000,2000,32.31,3
RL,9018,7,2007,Ex,2,3,4,8,1,2,179540,2000,19.91,1
RM,4426,6,2004,Ex,1,1,2,3,1,2,141000,2000,31.86,3
RL,7577,6,2005,Ex,2,2,3,6,1,2,194700,2000,25.7,1
RL,8633,6,2005,Ex,2,3,4,7,0,2,173500,2000,20.1,1
RL,5381,6,2005,Ex,2,1,2,5,1,2,196000,2000,36.42,1
RL,8993,7,2007,Ex,2,3,4,6,0,2,176485,2000,19.62,1
RL,8846,6,2005,Ex,2,3,4,6,0,2,173900,2000,19.66,1
RL,16285,7,2001,Ex,2,3,4,6,0,2,187100,2000,11.49,2
RL,3182,7,2007,Ex,2,2,3,6,1,2,159895,2000,50.25,3
RL,14006,7,2002,Ex,2,3,4,7,1,2,192500,2000,13.74,2
RL,12589,6,2005,Ex,2,3,4,8,1,2,174000,2000,13.82,2
RL,7024,5,2005,Gd,1,2,3,5,0,2,157000,2000,22.35,5
RL,10237,6,2005,Ex,2,3,4,6,1,2,169990,2000,16.61,1
RL,8487,7,2004,Ex,2,3,4,6,0,2,190000,2000,22.39,1
RL,10083,7,2003,Ex,2,2,3,5,0,2,184900,2000,18.34,1
RM,4435,6,2003,Ex,1,1,2,3,0,2,131500,2000,29.65,3
RL,8529,7,2001,Ex,2,3,4,6,1,2,189000,2000,22.16,1
RL,3182,7,2005,Ex,2,2,3,5,1,2,160200,2000,50.35,3
RL,8450,7,2003,Ex,2,3,4,6,0,2,185000,2000,21.89,1
RL,7226,7,2003,Ex,2,3,4,6,0,2,183000,2000,25.33,1
RL,10237,6,2005,Ex,2,3,4,8,1,2,178900,2000,17.48,1
RM,4438,6,2004,Ex,1,1,2,4,1,2,144500,2000,32.56,3
RL,2268,7,2003,Ex,2,2,3,6,0,2,173000,2000,76.28,3
RL,8199,7,2005,Ex,2,3,4,7,1,2,189000,2000,23.05,1
RL,7052,7,2005,Ex,2,2,3,6,1,2,185850,2000,26.35,1
RM,4435,6,2004,Ex,1,1,2,3,1,2,155900,2000,35.15,3
RL,6931,7,2003,Ex,2,3,4,7,1,2,165400,2000,23.86,1
RL,7861,6,2002,Ex,2,3,4,7,1,2,183200,2000,23.3,1
RL,10852,6,2000,Ex,2,3,4,7,1,2,173000,2000,15.94,1
RL,8767,7,2005,Ex,2,3,4,6,1,2,164990,2000,18.82,1
RL,8935,7,2002,Ex,2,3,4,7,0,2,195000,2000,21.82,1
RL,8029,6,2005,Ex,2,3,4,8,0,2,176000,2000,21.92,1
RL,9100,7,2001,Ex,2,3,4,6,0,2,178000,2000,19.56,1
RL,3182,8,2004,Ex,2,2,3,6,1,2,192000,2000,60.34,3
RL,8123,6,2000,Ex,2,3,4,7,1,2,179000,2000,22.04,1
RL,8121,6,2000,Ex,2,3,4,7,1,2,172400,2000,21.23,1
RL,9135,6,2003,Ex,2,3,4,7,0,2,200000,2000,21.89,1
RL,2448,7,2003,Ex,2,2,3,6,0,2,154000,2000,62.91,3
RL,15384,7,2004,Ex,2,3,4,8,1,2,184000,2000,11.96,2
RL,7795,7,2004,Ex,2,3,4,6,1,2,188500,2000,24.18,1
RL,2628,7,2003,Ex,2,2,3,6,0,2,175500,2000,66.78,3
RL,13072,6,2005,Ex,1,3,4,6,0,2,142500,2000,10.9,2
RL,3136,7,2003,Ex,2,2,3,6,1,2,171750,2000,54.77,3
RL,7875,7,2003,Ex,2,3,4,8,1,2,180000,2000,22.86,1
RL,6762,7,2007,Ex,2,2,3,6,0,2,195400,2000,28.9,1
RL,3922,7,2006,Ex,2,2,3,6,1,3,172500,2000,43.98,3
RL,9317,6,2006,Gd,2,3,4,6,1,2,176432,2000,18.94,1
RL,8402,5,2007,Ex,1,3,4,6,0,0,147000,2000,17.5,5
RL,8749,7,2002,Ex,2,3,4,6,1,2,192000,2000,21.95,1
RM,4435,6,2003,Ex,1,1,2,4,0,2,140000,2000,31.57,3
RL,8320,7,2004,Ex,2,3,4,6,0,2,185900,2000,22.34,1
RL,9967,7,2000,Ex,2,3,4,8,1,2,170000,2000,17.06,1
RM,2522,7,2004,Ex,2,3,4,7,0,2,137500,2000,54.52,3
RL,17104,7,2006,Ex,2,3,4,7,1,2,179665,2000,10.5,2
RM,3072,7,2004,Ex,2,2,3,6,1,2,178740,2000,58.18,3
RL,9056,8,2004,Ex,2,3,4,6,1,2,178000,2000,19.66,1
RL,8063,6,2000,Ex,2,3,4,7,1,2,181000,2000,22.45,1
RL,7750,8,2002,Ex,2,3,4,7,1,2,184100,2000,23.75,1
RL,15578,6,2006,Gd,2,3,4,8,0,2,172785,2000,11.09,2
RL,3684,7,2007,Ex,2,2,3,7,1,3,174000,2000,47.23,3
RM,3675,6,2005,Ex,1,2,3,5,0,2,148000,2000,40.27,3
RL,9313,7,2004,Ex,2,3,4,7,0,2,190000,2000,20.4,1
